{
  "project_info": {
    "project_number": "711277382718",
    "project_id": "fir-app-afe21",
    "storage_bucket": "fir-app-afe21.appspot.com"
  },
  "client": [
    {
      "client_info": {
        "mobilesdk_app_id": "1:711277382718:android:32c65304faccd1542b956f",
        "android_client_info": {
          "package_name": "com.example.movielist"
        }
      },
      "oauth_client": [],
      "api_key": [
        {
          "current_key": "AIzaSyAVfYVHNFkHdq809RugieB4erYEQ1wyX08"
        }
      ],
      "services": {
        "appinvite_service": {
          "other_platform_oauth_client": []
        }
      }
    }
  ],
  "configuration_version": "1"
}